Day,Type,When,What,Track,Paper,Room,Author,Title,Link,CoAuthor,IsSolo
Tue,ECR Workshop,1400-1430,Welcome,,1,"<svg aria-hidden=""true"" role=""img"" viewBox=""0 0 512 512"" style=""height:1em;width:1em;vertical-align:-0.125em;margin-left:auto;margin-right:auto;font-size:inherit;fill:#4d7ab0;overflow:visible;position:relative;""><path d=""M256 512A256 256 0 1 0 256 0a256 256 0 1 0 0 512zM216 336h24V272H216c-13.3 0-24-10.7-24-24s10.7-24 24-24h48c13.3 0 24 10.7 24 24v88h8c13.3 0 24 10.7 24 24s-10.7 24-24 24H216c-13.3 0-24-10.7-24-24s10.7-24 24-24zm40-208a32 32 0 1 1 0 64 32 32 0 1 1 0-64z""/></svg>",,,,,
Tue,ECR Workshop,1430-1530,Workshop 1,Workshop 1,1,"<svg aria-hidden=""true"" role=""img"" viewBox=""0 0 512 512"" style=""height:1em;width:1em;vertical-align:-0.125em;margin-left:auto;margin-right:auto;font-size:inherit;fill:#4d7ab0;overflow:visible;position:relative;""><path d=""M256 512A256 256 0 1 0 256 0a256 256 0 1 0 0 512zM216 336h24V272H216c-13.3 0-24-10.7-24-24s10.7-24 24-24h48c13.3 0 24 10.7 24 24v88h8c13.3 0 24 10.7 24 24s-10.7 24-24 24H216c-13.3 0-24-10.7-24-24s10.7-24 24-24zm40-208a32 32 0 1 1 0 64 32 32 0 1 1 0-64z""/></svg>",,,,,
Tue,ECR Workshop,,,,1,"<svg aria-hidden=""true"" role=""img"" viewBox=""0 0 512 512"" style=""height:1em;width:1em;vertical-align:-0.125em;margin-left:auto;margin-right:auto;font-size:inherit;fill:#4d7ab0;overflow:visible;position:relative;""><path d=""M256 512A256 256 0 1 0 256 0a256 256 0 1 0 0 512zM216 336h24V272H216c-13.3 0-24-10.7-24-24s10.7-24 24-24h48c13.3 0 24 10.7 24 24v88h8c13.3 0 24 10.7 24 24s-10.7 24-24 24H216c-13.3 0-24-10.7-24-24s10.7-24 24-24zm40-208a32 32 0 1 1 0 64 32 32 0 1 1 0-64z""/></svg>",Paul Norman,Guide to publishing,,,1
Tue,ECR Workshop,1530-1600,Coffee Break,,1,"<svg aria-hidden=""true"" role=""img"" viewBox=""0 0 512 512"" style=""height:1em;width:1em;vertical-align:-0.125em;margin-left:auto;margin-right:auto;font-size:inherit;fill:#8c4772;overflow:visible;position:relative;""><path d=""M256 512A256 256 0 1 0 256 0a256 256 0 1 0 0 512zM216 336h24V272H216c-13.3 0-24-10.7-24-24s10.7-24 24-24h48c13.3 0 24 10.7 24 24v88h8c13.3 0 24 10.7 24 24s-10.7 24-24 24H216c-13.3 0-24-10.7-24-24s10.7-24 24-24zm40-208a32 32 0 1 1 0 64 32 32 0 1 1 0-64z""/></svg>",,,,,
Tue,ECR Workshop,1600-1700,Workshop 2,Workshop 2,1,"<svg aria-hidden=""true"" role=""img"" viewBox=""0 0 512 512"" style=""height:1em;width:1em;vertical-align:-0.125em;margin-left:auto;margin-right:auto;font-size:inherit;fill:#4d7ab0;overflow:visible;position:relative;""><path d=""M256 512A256 256 0 1 0 256 0a256 256 0 1 0 0 512zM216 336h24V272H216c-13.3 0-24-10.7-24-24s10.7-24 24-24h48c13.3 0 24 10.7 24 24v88h8c13.3 0 24 10.7 24 24s-10.7 24-24 24H216c-13.3 0-24-10.7-24-24s10.7-24 24-24zm40-208a32 32 0 1 1 0 64 32 32 0 1 1 0-64z""/></svg>",,,,,
Tue,ECR Workshop,,,,1,"<svg aria-hidden=""true"" role=""img"" viewBox=""0 0 512 512"" style=""height:1em;width:1em;vertical-align:-0.125em;margin-left:auto;margin-right:auto;font-size:inherit;fill:#4d7ab0;overflow:visible;position:relative;""><path d=""M256 512A256 256 0 1 0 256 0a256 256 0 1 0 0 512zM216 336h24V272H216c-13.3 0-24-10.7-24-24s10.7-24 24-24h48c13.3 0 24 10.7 24 24v88h8c13.3 0 24 10.7 24 24s-10.7 24-24 24H216c-13.3 0-24-10.7-24-24s10.7-24 24-24zm40-208a32 32 0 1 1 0 64 32 32 0 1 1 0-64z""/></svg>",Fran Pontin,Building Impact into your research,,,1
Tue,ECR Social,1830-,Dinner+Social,,1,"<svg aria-hidden=""true"" role=""img"" viewBox=""0 0 512 512"" style=""height:1em;width:1em;vertical-align:-0.125em;margin-left:auto;margin-right:auto;font-size:inherit;fill:#9a9a9a;overflow:visible;position:relative;""><path d=""M256 512A256 256 0 1 0 256 0a256 256 0 1 0 0 512zM216 336h24V272H216c-13.3 0-24-10.7-24-24s10.7-24 24-24h48c13.3 0 24 10.7 24 24v88h8c13.3 0 24 10.7 24 24s-10.7 24-24 24H216c-13.3 0-24-10.7-24-24s10.7-24 24-24zm40-208a32 32 0 1 1 0 64 32 32 0 1 1 0-64z""/></svg>",,,,,
Wed,ECR Workshop,1000-1200,Workshop 3,Workshop 3,1,"<svg aria-hidden=""true"" role=""img"" viewBox=""0 0 512 512"" style=""height:1em;width:1em;vertical-align:-0.125em;margin-left:auto;margin-right:auto;font-size:inherit;fill:#4d7ab0;overflow:visible;position:relative;""><path d=""M256 512A256 256 0 1 0 256 0a256 256 0 1 0 0 512zM216 336h24V272H216c-13.3 0-24-10.7-24-24s10.7-24 24-24h48c13.3 0 24 10.7 24 24v88h8c13.3 0 24 10.7 24 24s-10.7 24-24 24H216c-13.3 0-24-10.7-24-24s10.7-24 24-24zm40-208a32 32 0 1 1 0 64 32 32 0 1 1 0-64z""/></svg>",,,,,
Wed,ECR Workshop,,,,1,"<svg aria-hidden=""true"" role=""img"" viewBox=""0 0 512 512"" style=""height:1em;width:1em;vertical-align:-0.125em;margin-left:auto;margin-right:auto;font-size:inherit;fill:#4d7ab0;overflow:visible;position:relative;""><path d=""M256 512A256 256 0 1 0 256 0a256 256 0 1 0 0 512zM216 336h24V272H216c-13.3 0-24-10.7-24-24s10.7-24 24-24h48c13.3 0 24 10.7 24 24v88h8c13.3 0 24 10.7 24 24s-10.7 24-24 24H216c-13.3 0-24-10.7-24-24s10.7-24 24-24zm40-208a32 32 0 1 1 0 64 32 32 0 1 1 0-64z""/></svg>",Elisabetta Pietrostefani,Navigating the Night: A Hands-On Workshop with Night Lights and Spatial Data in R,,,1
Wed,GISRUK Opens,1100-1300,Registration+Lunch,,1,"<svg aria-hidden=""true"" role=""img"" viewBox=""0 0 512 512"" style=""height:1em;width:1em;vertical-align:-0.125em;margin-left:auto;margin-right:auto;font-size:inherit;fill:#8c4772;overflow:visible;position:relative;""><path d=""M256 512A256 256 0 1 0 256 0a256 256 0 1 0 0 512zM216 336h24V272H216c-13.3 0-24-10.7-24-24s10.7-24 24-24h48c13.3 0 24 10.7 24 24v88h8c13.3 0 24 10.7 24 24s-10.7 24-24 24H216c-13.3 0-24-10.7-24-24s10.7-24 24-24zm40-208a32 32 0 1 1 0 64 32 32 0 1 1 0-64z""/></svg>",,,,,
Wed,GISRUK Opens,1300-1330,Welcome,,1,"<svg aria-hidden=""true"" role=""img"" viewBox=""0 0 512 512"" style=""height:1em;width:1em;vertical-align:-0.125em;margin-left:auto;margin-right:auto;font-size:inherit;fill:#d06c4b;overflow:visible;position:relative;""><path d=""M256 512A256 256 0 1 0 256 0a256 256 0 1 0 0 512zM216 336h24V272H216c-13.3 0-24-10.7-24-24s10.7-24 24-24h48c13.3 0 24 10.7 24 24v88h8c13.3 0 24 10.7 24 24s-10.7 24-24 24H216c-13.3 0-24-10.7-24-24s10.7-24 24-24zm40-208a32 32 0 1 1 0 64 32 32 0 1 1 0-64z""/></svg>",,,,,
Wed,GISRUK Opens,1330-1430,Keynote 1,,1,"<svg aria-hidden=""true"" role=""img"" viewBox=""0 0 512 512"" style=""height:1em;width:1em;vertical-align:-0.125em;margin-left:auto;margin-right:auto;font-size:inherit;fill:#d06c4b;overflow:visible;position:relative;""><path d=""M256 512A256 256 0 1 0 256 0a256 256 0 1 0 0 512zM216 336h24V272H216c-13.3 0-24-10.7-24-24s10.7-24 24-24h48c13.3 0 24 10.7 24 24v88h8c13.3 0 24 10.7 24 24s-10.7 24-24 24H216c-13.3 0-24-10.7-24-24s10.7-24 24-24zm40-208a32 32 0 1 1 0 64 32 32 0 1 1 0-64z""/></svg>",,,,,
Wed,GISRUK Opens,,,,1,"<svg aria-hidden=""true"" role=""img"" viewBox=""0 0 512 512"" style=""height:1em;width:1em;vertical-align:-0.125em;margin-left:auto;margin-right:auto;font-size:inherit;fill:#d06c4b;overflow:visible;position:relative;""><path d=""M256 512A256 256 0 1 0 256 0a256 256 0 1 0 0 512zM216 336h24V272H216c-13.3 0-24-10.7-24-24s10.7-24 24-24h48c13.3 0 24 10.7 24 24v88h8c13.3 0 24 10.7 24 24s-10.7 24-24 24H216c-13.3 0-24-10.7-24-24s10.7-24 24-24zm40-208a32 32 0 1 1 0 64 32 32 0 1 1 0-64z""/></svg>","Natalia Tejedor Garavito, University of Southampton",<Talk title…>,,,1
Wed,GISRUK Session 1,1430-1530,Track A,Spatial Modelling 1,1,"<svg aria-hidden=""true"" role=""img"" viewBox=""0 0 512 512"" style=""height:1em;width:1em;vertical-align:-0.125em;margin-left:auto;margin-right:auto;font-size:inherit;fill:#d06c4b;overflow:visible;position:relative;""><path d=""M256 512A256 256 0 1 0 256 0a256 256 0 1 0 0 512zM216 336h24V272H216c-13.3 0-24-10.7-24-24s10.7-24 24-24h48c13.3 0 24 10.7 24 24v88h8c13.3 0 24 10.7 24 24s-10.7 24-24 24H216c-13.3 0-24-10.7-24-24s10.7-24 24-24zm40-208a32 32 0 1 1 0 64 32 32 0 1 1 0-64z""/></svg>",,,,,
Wed,GISRUK Session 1,,,,1,"<svg aria-hidden=""true"" role=""img"" viewBox=""0 0 512 512"" style=""height:1em;width:1em;vertical-align:-0.125em;margin-left:auto;margin-right:auto;font-size:inherit;fill:#d06c4b;overflow:visible;position:relative;""><path d=""M256 512A256 256 0 1 0 256 0a256 256 0 1 0 0 512zM216 336h24V272H216c-13.3 0-24-10.7-24-24s10.7-24 24-24h48c13.3 0 24 10.7 24 24v88h8c13.3 0 24 10.7 24 24s-10.7 24-24 24H216c-13.3 0-24-10.7-24-24s10.7-24 24-24zm40-208a32 32 0 1 1 0 64 32 32 0 1 1 0-64z""/></svg>",Chris Brunsdon,Analysing Shooting Incidents in New York Using Spatial Regression Techniques,https://zenodo.org/communities/gisruk2023/records?q=&l=list&p=1&s=10&sort=newest,,1
Wed,GISRUK Session 1,,,,2,"<svg aria-hidden=""true"" role=""img"" viewBox=""0 0 512 512"" style=""height:1em;width:1em;vertical-align:-0.125em;margin-left:auto;margin-right:auto;font-size:inherit;fill:#d06c4b;overflow:visible;position:relative;""><path d=""M256 512A256 256 0 1 0 256 0a256 256 0 1 0 0 512zM216 336h24V272H216c-13.3 0-24-10.7-24-24s10.7-24 24-24h48c13.3 0 24 10.7 24 24v88h8c13.3 0 24 10.7 24 24s-10.7 24-24 24H216c-13.3 0-24-10.7-24-24s10.7-24 24-24zm40-208a32 32 0 1 1 0 64 32 32 0 1 1 0-64z""/></svg>",Céline Van Migerode,Flexurba: an open-source R package to flexibly reconstruct the Degree of Urbanisation classification.,https://zenodo.org/communities/gisruk2023/records?q=&l=list&p=1&s=10&sort=newest,"Ate Poorthuis, Ben Derudder",
Wed,GISRUK Session 1,,,,3,"<svg aria-hidden=""true"" role=""img"" viewBox=""0 0 512 512"" style=""height:1em;width:1em;vertical-align:-0.125em;margin-left:auto;margin-right:auto;font-size:inherit;fill:#d06c4b;overflow:visible;position:relative;""><path d=""M256 512A256 256 0 1 0 256 0a256 256 0 1 0 0 512zM216 336h24V272H216c-13.3 0-24-10.7-24-24s10.7-24 24-24h48c13.3 0 24 10.7 24 24v88h8c13.3 0 24 10.7 24 24s-10.7 24-24 24H216c-13.3 0-24-10.7-24-24s10.7-24 24-24zm40-208a32 32 0 1 1 0 64 32 32 0 1 1 0-64z""/></svg>",Jonny Huck,“The Great Blackbury Pie” ~ or ~ Focal Area Bias in Geographically Weighted Analysis,https://zenodo.org/communities/gisruk2023/records?q=&l=list&p=1&s=10&sort=newest,"Matt Dennis, SM Labib",
Wed,GISRUK Session 1,1430-1530,Track B,Green Neighbourhoods,1,"<svg aria-hidden=""true"" role=""img"" viewBox=""0 0 512 512"" style=""height:1em;width:1em;vertical-align:-0.125em;margin-left:auto;margin-right:auto;font-size:inherit;fill:#589157;overflow:visible;position:relative;""><path d=""M256 512A256 256 0 1 0 256 0a256 256 0 1 0 0 512zM216 336h24V272H216c-13.3 0-24-10.7-24-24s10.7-24 24-24h48c13.3 0 24 10.7 24 24v88h8c13.3 0 24 10.7 24 24s-10.7 24-24 24H216c-13.3 0-24-10.7-24-24s10.7-24 24-24zm40-208a32 32 0 1 1 0 64 32 32 0 1 1 0-64z""/></svg>",,,,,
Wed,GISRUK Session 1,,,,1,"<svg aria-hidden=""true"" role=""img"" viewBox=""0 0 512 512"" style=""height:1em;width:1em;vertical-align:-0.125em;margin-left:auto;margin-right:auto;font-size:inherit;fill:#589157;overflow:visible;position:relative;""><path d=""M256 512A256 256 0 1 0 256 0a256 256 0 1 0 0 512zM216 336h24V272H216c-13.3 0-24-10.7-24-24s10.7-24 24-24h48c13.3 0 24 10.7 24 24v88h8c13.3 0 24 10.7 24 24s-10.7 24-24 24H216c-13.3 0-24-10.7-24-24s10.7-24 24-24zm40-208a32 32 0 1 1 0 64 32 32 0 1 1 0-64z""/></svg>",Kevin Credit,The Walkable Accessibility Score (WAS): A spatially-granular open-source measure of walkability for the continental US from 1997-2019,https://zenodo.org/communities/gisruk2023/records?q=&l=list&p=1&s=10&sort=newest,"Irene Farah, Emily Talen, Luc Anselin, Hassan Ghomrawi",
Wed,GISRUK Session 1, ,,,2,"<svg aria-hidden=""true"" role=""img"" viewBox=""0 0 512 512"" style=""height:1em;width:1em;vertical-align:-0.125em;margin-left:auto;margin-right:auto;font-size:inherit;fill:#589157;overflow:visible;position:relative;""><path d=""M256 512A256 256 0 1 0 256 0a256 256 0 1 0 0 512zM216 336h24V272H216c-13.3 0-24-10.7-24-24s10.7-24 24-24h48c13.3 0 24 10.7 24 24v88h8c13.3 0 24 10.7 24 24s-10.7 24-24 24H216c-13.3 0-24-10.7-24-24s10.7-24 24-24zm40-208a32 32 0 1 1 0 64 32 32 0 1 1 0-64z""/></svg>",Alexander Skinner,Exploring the Spatial and Built Environmental Characteristics of Residential Solar Photovoltaic Implementations in Luxembourg,https://zenodo.org/communities/gisruk2023/records?q=&l=list&p=1&s=10&sort=newest,Catherine Jones,
Wed,GISRUK Session 1, ,,,3,"<svg aria-hidden=""true"" role=""img"" viewBox=""0 0 512 512"" style=""height:1em;width:1em;vertical-align:-0.125em;margin-left:auto;margin-right:auto;font-size:inherit;fill:#589157;overflow:visible;position:relative;""><path d=""M256 512A256 256 0 1 0 256 0a256 256 0 1 0 0 512zM216 336h24V272H216c-13.3 0-24-10.7-24-24s10.7-24 24-24h48c13.3 0 24 10.7 24 24v88h8c13.3 0 24 10.7 24 24s-10.7 24-24 24H216c-13.3 0-24-10.7-24-24s10.7-24 24-24zm40-208a32 32 0 1 1 0 64 32 32 0 1 1 0-64z""/></svg>",Chris Larkin,Towards a National Low Traffic Neighbourhood Dataset,https://zenodo.org/communities/gisruk2023/records?q=&l=list&p=1&s=10&sort=newest,"Craig Robson, Alistair Ford",
Wed,GISRUK Session 1,1530-1600,Coffee Break,,1,"<svg aria-hidden=""true"" role=""img"" viewBox=""0 0 512 512"" style=""height:1em;width:1em;vertical-align:-0.125em;margin-left:auto;margin-right:auto;font-size:inherit;fill:#8c4772;overflow:visible;position:relative;""><path d=""M256 512A256 256 0 1 0 256 0a256 256 0 1 0 0 512zM216 336h24V272H216c-13.3 0-24-10.7-24-24s10.7-24 24-24h48c13.3 0 24 10.7 24 24v88h8c13.3 0 24 10.7 24 24s-10.7 24-24 24H216c-13.3 0-24-10.7-24-24s10.7-24 24-24zm40-208a32 32 0 1 1 0 64 32 32 0 1 1 0-64z""/></svg>",,,,,
Wed,GISRUK Session 2,1600-1700,Track A,Visualization,1,"<svg aria-hidden=""true"" role=""img"" viewBox=""0 0 512 512"" style=""height:1em;width:1em;vertical-align:-0.125em;margin-left:auto;margin-right:auto;font-size:inherit;fill:#d06c4b;overflow:visible;position:relative;""><path d=""M256 512A256 256 0 1 0 256 0a256 256 0 1 0 0 512zM216 336h24V272H216c-13.3 0-24-10.7-24-24s10.7-24 24-24h48c13.3 0 24 10.7 24 24v88h8c13.3 0 24 10.7 24 24s-10.7 24-24 24H216c-13.3 0-24-10.7-24-24s10.7-24 24-24zm40-208a32 32 0 1 1 0 64 32 32 0 1 1 0-64z""/></svg>",,,,,
Wed,GISRUK Session 2,,,,1,"<svg aria-hidden=""true"" role=""img"" viewBox=""0 0 512 512"" style=""height:1em;width:1em;vertical-align:-0.125em;margin-left:auto;margin-right:auto;font-size:inherit;fill:#d06c4b;overflow:visible;position:relative;""><path d=""M256 512A256 256 0 1 0 256 0a256 256 0 1 0 0 512zM216 336h24V272H216c-13.3 0-24-10.7-24-24s10.7-24 24-24h48c13.3 0 24 10.7 24 24v88h8c13.3 0 24 10.7 24 24s-10.7 24-24 24H216c-13.3 0-24-10.7-24-24s10.7-24 24-24zm40-208a32 32 0 1 1 0 64 32 32 0 1 1 0-64z""/></svg>",Roger Beecham,gridmappr: an R package for creating small multiple gridmap layouts,https://zenodo.org/communities/gisruk2023/records?q=&l=list&p=1&s=10&sort=newest,,1
Wed,GISRUK Session 2,,,,2,"<svg aria-hidden=""true"" role=""img"" viewBox=""0 0 512 512"" style=""height:1em;width:1em;vertical-align:-0.125em;margin-left:auto;margin-right:auto;font-size:inherit;fill:#d06c4b;overflow:visible;position:relative;""><path d=""M256 512A256 256 0 1 0 256 0a256 256 0 1 0 0 512zM216 336h24V272H216c-13.3 0-24-10.7-24-24s10.7-24 24-24h48c13.3 0 24 10.7 24 24v88h8c13.3 0 24 10.7 24 24s-10.7 24-24 24H216c-13.3 0-24-10.7-24-24s10.7-24 24-24zm40-208a32 32 0 1 1 0 64 32 32 0 1 1 0-64z""/></svg>",Jonny Huck,Evaluating Map Projections for Globe Production,https://zenodo.org/communities/gisruk2023/records?q=&l=list&p=1&s=10&sort=newest,,1
Wed,GISRUK Session 2,,,,3,"<svg aria-hidden=""true"" role=""img"" viewBox=""0 0 512 512"" style=""height:1em;width:1em;vertical-align:-0.125em;margin-left:auto;margin-right:auto;font-size:inherit;fill:#d06c4b;overflow:visible;position:relative;""><path d=""M256 512A256 256 0 1 0 256 0a256 256 0 1 0 0 512zM216 336h24V272H216c-13.3 0-24-10.7-24-24s10.7-24 24-24h48c13.3 0 24 10.7 24 24v88h8c13.3 0 24 10.7 24 24s-10.7 24-24 24H216c-13.3 0-24-10.7-24-24s10.7-24 24-24zm40-208a32 32 0 1 1 0 64 32 32 0 1 1 0-64z""/></svg>",René Westerholt,Extending the Moran scatterplot by indications of critical values and p-values: introducing the Moran seismogram and the drop plot,https://zenodo.org/communities/gisruk2023/records?q=&l=list&p=1&s=10&sort=newest,,1
Wed,GISRUK Session 2,1600-1700,Track B,Environment,1,"<svg aria-hidden=""true"" role=""img"" viewBox=""0 0 512 512"" style=""height:1em;width:1em;vertical-align:-0.125em;margin-left:auto;margin-right:auto;font-size:inherit;fill:#589157;overflow:visible;position:relative;""><path d=""M256 512A256 256 0 1 0 256 0a256 256 0 1 0 0 512zM216 336h24V272H216c-13.3 0-24-10.7-24-24s10.7-24 24-24h48c13.3 0 24 10.7 24 24v88h8c13.3 0 24 10.7 24 24s-10.7 24-24 24H216c-13.3 0-24-10.7-24-24s10.7-24 24-24zm40-208a32 32 0 1 1 0 64 32 32 0 1 1 0-64z""/></svg>",,,,,
Wed,GISRUK Session 2,,,,1,"<svg aria-hidden=""true"" role=""img"" viewBox=""0 0 512 512"" style=""height:1em;width:1em;vertical-align:-0.125em;margin-left:auto;margin-right:auto;font-size:inherit;fill:#589157;overflow:visible;position:relative;""><path d=""M256 512A256 256 0 1 0 256 0a256 256 0 1 0 0 512zM216 336h24V272H216c-13.3 0-24-10.7-24-24s10.7-24 24-24h48c13.3 0 24 10.7 24 24v88h8c13.3 0 24 10.7 24 24s-10.7 24-24 24H216c-13.3 0-24-10.7-24-24s10.7-24 24-24zm40-208a32 32 0 1 1 0 64 32 32 0 1 1 0-64z""/></svg>",Vitalii Kriukov,Habitat connectivity workflow to support decisions and trade-offs between local stakeholders,https://zenodo.org/communities/gisruk2023/records?q=&l=list&p=1&s=10&sort=newest,"Lucy Bastin, Ivette Serral, Joan Maso",
Wed,GISRUK Session 2, ,,,2,"<svg aria-hidden=""true"" role=""img"" viewBox=""0 0 512 512"" style=""height:1em;width:1em;vertical-align:-0.125em;margin-left:auto;margin-right:auto;font-size:inherit;fill:#589157;overflow:visible;position:relative;""><path d=""M256 512A256 256 0 1 0 256 0a256 256 0 1 0 0 512zM216 336h24V272H216c-13.3 0-24-10.7-24-24s10.7-24 24-24h48c13.3 0 24 10.7 24 24v88h8c13.3 0 24 10.7 24 24s-10.7 24-24 24H216c-13.3 0-24-10.7-24-24s10.7-24 24-24zm40-208a32 32 0 1 1 0 64 32 32 0 1 1 0-64z""/></svg>",Steve Carver,Mapping the connectivity of higher potential naturalness areas in the UK,https://zenodo.org/communities/gisruk2023/records?q=&l=list&p=1&s=10&sort=newest,Jonathan Carruthers-Jones,
Wed,GISRUK Session 2, ,,,3,"<svg aria-hidden=""true"" role=""img"" viewBox=""0 0 512 512"" style=""height:1em;width:1em;vertical-align:-0.125em;margin-left:auto;margin-right:auto;font-size:inherit;fill:#589157;overflow:visible;position:relative;""><path d=""M256 512A256 256 0 1 0 256 0a256 256 0 1 0 0 512zM216 336h24V272H216c-13.3 0-24-10.7-24-24s10.7-24 24-24h48c13.3 0 24 10.7 24 24v88h8c13.3 0 24 10.7 24 24s-10.7 24-24 24H216c-13.3 0-24-10.7-24-24s10.7-24 24-24zm40-208a32 32 0 1 1 0 64 32 32 0 1 1 0-64z""/></svg>",Timna Denwood,Landscape Perceptions in the Lake District: Distant and Close Reading in Participatory GIS,https://zenodo.org/communities/gisruk2023/records?q=&l=list&p=1&s=10&sort=newest,"Joanna Taylor, Jonny Huck",
Wed,GISRUK Social,1700--,Conference reception (see website for post-reception socials),,1,"<svg aria-hidden=""true"" role=""img"" viewBox=""0 0 512 512"" style=""height:1em;width:1em;vertical-align:-0.125em;margin-left:auto;margin-right:auto;font-size:inherit;fill:#8c4772;overflow:visible;position:relative;""><path d=""M256 512A256 256 0 1 0 256 0a256 256 0 1 0 0 512zM216 336h24V272H216c-13.3 0-24-10.7-24-24s10.7-24 24-24h48c13.3 0 24 10.7 24 24v88h8c13.3 0 24 10.7 24 24s-10.7 24-24 24H216c-13.3 0-24-10.7-24-24s10.7-24 24-24zm40-208a32 32 0 1 1 0 64 32 32 0 1 1 0-64z""/></svg>",,,,,
Thu,GISRUK Session 3,0930-1030,Track A,Spatial Justice,1,"<svg aria-hidden=""true"" role=""img"" viewBox=""0 0 512 512"" style=""height:1em;width:1em;vertical-align:-0.125em;margin-left:auto;margin-right:auto;font-size:inherit;fill:#d06c4b;overflow:visible;position:relative;""><path d=""M256 512A256 256 0 1 0 256 0a256 256 0 1 0 0 512zM216 336h24V272H216c-13.3 0-24-10.7-24-24s10.7-24 24-24h48c13.3 0 24 10.7 24 24v88h8c13.3 0 24 10.7 24 24s-10.7 24-24 24H216c-13.3 0-24-10.7-24-24s10.7-24 24-24zm40-208a32 32 0 1 1 0 64 32 32 0 1 1 0-64z""/></svg>",,,,,
Thu,GISRUK Session 3,,,,1,"<svg aria-hidden=""true"" role=""img"" viewBox=""0 0 512 512"" style=""height:1em;width:1em;vertical-align:-0.125em;margin-left:auto;margin-right:auto;font-size:inherit;fill:#d06c4b;overflow:visible;position:relative;""><path d=""M256 512A256 256 0 1 0 256 0a256 256 0 1 0 0 512zM216 336h24V272H216c-13.3 0-24-10.7-24-24s10.7-24 24-24h48c13.3 0 24 10.7 24 24v88h8c13.3 0 24 10.7 24 24s-10.7 24-24 24H216c-13.3 0-24-10.7-24-24s10.7-24 24-24zm40-208a32 32 0 1 1 0 64 32 32 0 1 1 0-64z""/></svg>",Ruth Nelson,Bringing moral clarity to urban planning: Developing data-driven metrics of spatial justice for neighbourhood accessibility,https://zenodo.org/communities/gisruk2023/records?q=&l=list&p=1&s=10&sort=newest,"Martijn Warnier, Trivik Verma",
Thu,GISRUK Session 3,,,,2,"<svg aria-hidden=""true"" role=""img"" viewBox=""0 0 512 512"" style=""height:1em;width:1em;vertical-align:-0.125em;margin-left:auto;margin-right:auto;font-size:inherit;fill:#d06c4b;overflow:visible;position:relative;""><path d=""M256 512A256 256 0 1 0 256 0a256 256 0 1 0 0 512zM216 336h24V272H216c-13.3 0-24-10.7-24-24s10.7-24 24-24h48c13.3 0 24 10.7 24 24v88h8c13.3 0 24 10.7 24 24s-10.7 24-24 24H216c-13.3 0-24-10.7-24-24s10.7-24 24-24zm40-208a32 32 0 1 1 0 64 32 32 0 1 1 0-64z""/></svg>",Lingshan Li,Leveraging Machine Learning and Street View Imagery to Study the association between social inequalities and visual walkability in the South Africa Context,https://zenodo.org/communities/gisruk2023/records?q=&l=list&p=1&s=10&sort=newest,Stephen Law,
Thu,GISRUK Session 3,,,,3,"<svg aria-hidden=""true"" role=""img"" viewBox=""0 0 512 512"" style=""height:1em;width:1em;vertical-align:-0.125em;margin-left:auto;margin-right:auto;font-size:inherit;fill:#d06c4b;overflow:visible;position:relative;""><path d=""M256 512A256 256 0 1 0 256 0a256 256 0 1 0 0 512zM216 336h24V272H216c-13.3 0-24-10.7-24-24s10.7-24 24-24h48c13.3 0 24 10.7 24 24v88h8c13.3 0 24 10.7 24 24s-10.7 24-24 24H216c-13.3 0-24-10.7-24-24s10.7-24 24-24zm40-208a32 32 0 1 1 0 64 32 32 0 1 1 0-64z""/></svg>",Elisabetta Pietrostefani,Spatial Empowerment: Participatory and Computational Mapping in El Mina's Neighbourhoods,https://zenodo.org/communities/gisruk2023/records?q=&l=list&p=1&s=10&sort=newest,,1
Thu,GISRUK Session 3,0930-1030,Track B,Social Media,1,"<svg aria-hidden=""true"" role=""img"" viewBox=""0 0 512 512"" style=""height:1em;width:1em;vertical-align:-0.125em;margin-left:auto;margin-right:auto;font-size:inherit;fill:#589157;overflow:visible;position:relative;""><path d=""M256 512A256 256 0 1 0 256 0a256 256 0 1 0 0 512zM216 336h24V272H216c-13.3 0-24-10.7-24-24s10.7-24 24-24h48c13.3 0 24 10.7 24 24v88h8c13.3 0 24 10.7 24 24s-10.7 24-24 24H216c-13.3 0-24-10.7-24-24s10.7-24 24-24zm40-208a32 32 0 1 1 0 64 32 32 0 1 1 0-64z""/></svg>",,,,,
Thu,GISRUK Session 3,,,,1,"<svg aria-hidden=""true"" role=""img"" viewBox=""0 0 512 512"" style=""height:1em;width:1em;vertical-align:-0.125em;margin-left:auto;margin-right:auto;font-size:inherit;fill:#589157;overflow:visible;position:relative;""><path d=""M256 512A256 256 0 1 0 256 0a256 256 0 1 0 0 512zM216 336h24V272H216c-13.3 0-24-10.7-24-24s10.7-24 24-24h48c13.3 0 24 10.7 24 24v88h8c13.3 0 24 10.7 24 24s-10.7 24-24 24H216c-13.3 0-24-10.7-24-24s10.7-24 24-24zm40-208a32 32 0 1 1 0 64 32 32 0 1 1 0-64z""/></svg>",Matt Mason,Understanding the local spatial and temporal patterns of attitudes towards immigration using Twitter data,https://zenodo.org/communities/gisruk2023/records?q=&l=list&p=1&s=10&sort=newest,Francisco Rowe,
Thu,GISRUK Session 3, ,,,2,"<svg aria-hidden=""true"" role=""img"" viewBox=""0 0 512 512"" style=""height:1em;width:1em;vertical-align:-0.125em;margin-left:auto;margin-right:auto;font-size:inherit;fill:#589157;overflow:visible;position:relative;""><path d=""M256 512A256 256 0 1 0 256 0a256 256 0 1 0 0 512zM216 336h24V272H216c-13.3 0-24-10.7-24-24s10.7-24 24-24h48c13.3 0 24 10.7 24 24v88h8c13.3 0 24 10.7 24 24s-10.7 24-24 24H216c-13.3 0-24-10.7-24-24s10.7-24 24-24zm40-208a32 32 0 1 1 0 64 32 32 0 1 1 0-64z""/></svg>",Kirsty Watkinson,After the Twitter X-pocalypse: Approaches to Characterising Human Behaviour in Agent-based Models and Beyond,https://zenodo.org/communities/gisruk2023/records?q=&l=list&p=1&s=10&sort=newest,Jonny Huck,
Thu,GISRUK Session 3, ,,,3,"<svg aria-hidden=""true"" role=""img"" viewBox=""0 0 512 512"" style=""height:1em;width:1em;vertical-align:-0.125em;margin-left:auto;margin-right:auto;font-size:inherit;fill:#589157;overflow:visible;position:relative;""><path d=""M256 512A256 256 0 1 0 256 0a256 256 0 1 0 0 512zM216 336h24V272H216c-13.3 0-24-10.7-24-24s10.7-24 24-24h48c13.3 0 24 10.7 24 24v88h8c13.3 0 24 10.7 24 24s-10.7 24-24 24H216c-13.3 0-24-10.7-24-24s10.7-24 24-24zm40-208a32 32 0 1 1 0 64 32 32 0 1 1 0-64z""/></svg>",Raidah Hanifah,Can Twitter (X) be used to Predict Tourism Patterns? Yes!,https://zenodo.org/communities/gisruk2023/records?q=&l=list&p=1&s=10&sort=newest,"Nicholas Malleson, Victoria Houlden, Alexis Comber",
Thu,GISRUK Session 3,1030-1045,Coffee Break, ,1,"<svg aria-hidden=""true"" role=""img"" viewBox=""0 0 512 512"" style=""height:1em;width:1em;vertical-align:-0.125em;margin-left:auto;margin-right:auto;font-size:inherit;fill:#8c4772;overflow:visible;position:relative;""><path d=""M256 512A256 256 0 1 0 256 0a256 256 0 1 0 0 512zM216 336h24V272H216c-13.3 0-24-10.7-24-24s10.7-24 24-24h48c13.3 0 24 10.7 24 24v88h8c13.3 0 24 10.7 24 24s-10.7 24-24 24H216c-13.3 0-24-10.7-24-24s10.7-24 24-24zm40-208a32 32 0 1 1 0 64 32 32 0 1 1 0-64z""/></svg>",,,,,
Thu,GISRUK Session 4,1045-1145,Track A,Greenspace,1,"<svg aria-hidden=""true"" role=""img"" viewBox=""0 0 512 512"" style=""height:1em;width:1em;vertical-align:-0.125em;margin-left:auto;margin-right:auto;font-size:inherit;fill:#d06c4b;overflow:visible;position:relative;""><path d=""M256 512A256 256 0 1 0 256 0a256 256 0 1 0 0 512zM216 336h24V272H216c-13.3 0-24-10.7-24-24s10.7-24 24-24h48c13.3 0 24 10.7 24 24v88h8c13.3 0 24 10.7 24 24s-10.7 24-24 24H216c-13.3 0-24-10.7-24-24s10.7-24 24-24zm40-208a32 32 0 1 1 0 64 32 32 0 1 1 0-64z""/></svg>",,,,,
Thu,GISRUK Session 4,,,,1,"<svg aria-hidden=""true"" role=""img"" viewBox=""0 0 512 512"" style=""height:1em;width:1em;vertical-align:-0.125em;margin-left:auto;margin-right:auto;font-size:inherit;fill:#d06c4b;overflow:visible;position:relative;""><path d=""M256 512A256 256 0 1 0 256 0a256 256 0 1 0 0 512zM216 336h24V272H216c-13.3 0-24-10.7-24-24s10.7-24 24-24h48c13.3 0 24 10.7 24 24v88h8c13.3 0 24 10.7 24 24s-10.7 24-24 24H216c-13.3 0-24-10.7-24-24s10.7-24 24-24zm40-208a32 32 0 1 1 0 64 32 32 0 1 1 0-64z""/></svg>",Fiona Caryl,Time in nature reduces socioeconomic inequalities in child mental wellbeing.,https://zenodo.org/communities/gisruk2023/records?q=&l=list&p=1&s=10&sort=newest,"Paul McCrorie, Natalie Nicholls, Jonathan Olsen, Richard Mitchell",
Thu,GISRUK Session 4,,,,2,"<svg aria-hidden=""true"" role=""img"" viewBox=""0 0 512 512"" style=""height:1em;width:1em;vertical-align:-0.125em;margin-left:auto;margin-right:auto;font-size:inherit;fill:#d06c4b;overflow:visible;position:relative;""><path d=""M256 512A256 256 0 1 0 256 0a256 256 0 1 0 0 512zM216 336h24V272H216c-13.3 0-24-10.7-24-24s10.7-24 24-24h48c13.3 0 24 10.7 24 24v88h8c13.3 0 24 10.7 24 24s-10.7 24-24 24H216c-13.3 0-24-10.7-24-24s10.7-24 24-24zm40-208a32 32 0 1 1 0 64 32 32 0 1 1 0-64z""/></svg>",Jessica Hepburn,A national assessment of park quality across Great Britain,https://zenodo.org/communities/gisruk2023/records?q=&l=list&p=1&s=10&sort=newest,"Fiona Caryl, Jonathan Olsen, Rich Mitchell",
Thu,GISRUK Session 4,,,,3,"<svg aria-hidden=""true"" role=""img"" viewBox=""0 0 512 512"" style=""height:1em;width:1em;vertical-align:-0.125em;margin-left:auto;margin-right:auto;font-size:inherit;fill:#d06c4b;overflow:visible;position:relative;""><path d=""M256 512A256 256 0 1 0 256 0a256 256 0 1 0 0 512zM216 336h24V272H216c-13.3 0-24-10.7-24-24s10.7-24 24-24h48c13.3 0 24 10.7 24 24v88h8c13.3 0 24 10.7 24 24s-10.7 24-24 24H216c-13.3 0-24-10.7-24-24s10.7-24 24-24zm40-208a32 32 0 1 1 0 64 32 32 0 1 1 0-64z""/></svg>",Irada Ismayilova,Identification of Green Corridors as a type of Urban Green Spaces.,https://zenodo.org/communities/gisruk2023/records?q=&l=list&p=1&s=10&sort=newest,Sabine Timpf,
Thu,GISRUK Session 4,1045-1145,Track B,Neighbourhood Analysis,1,"<svg aria-hidden=""true"" role=""img"" viewBox=""0 0 512 512"" style=""height:1em;width:1em;vertical-align:-0.125em;margin-left:auto;margin-right:auto;font-size:inherit;fill:#589157;overflow:visible;position:relative;""><path d=""M256 512A256 256 0 1 0 256 0a256 256 0 1 0 0 512zM216 336h24V272H216c-13.3 0-24-10.7-24-24s10.7-24 24-24h48c13.3 0 24 10.7 24 24v88h8c13.3 0 24 10.7 24 24s-10.7 24-24 24H216c-13.3 0-24-10.7-24-24s10.7-24 24-24zm40-208a32 32 0 1 1 0 64 32 32 0 1 1 0-64z""/></svg>",,,,,
Thu,GISRUK Session 4,,,,1,"<svg aria-hidden=""true"" role=""img"" viewBox=""0 0 512 512"" style=""height:1em;width:1em;vertical-align:-0.125em;margin-left:auto;margin-right:auto;font-size:inherit;fill:#589157;overflow:visible;position:relative;""><path d=""M256 512A256 256 0 1 0 256 0a256 256 0 1 0 0 512zM216 336h24V272H216c-13.3 0-24-10.7-24-24s10.7-24 24-24h48c13.3 0 24 10.7 24 24v88h8c13.3 0 24 10.7 24 24s-10.7 24-24 24H216c-13.3 0-24-10.7-24-24s10.7-24 24-24zm40-208a32 32 0 1 1 0 64 32 32 0 1 1 0-64z""/></svg>",Xinglei Wang,Capturing high street dynamics on a finer scale: a case study in the context of COVID-19,https://zenodo.org/communities/gisruk2023/records?q=&l=list&p=1&s=10&sort=newest,"Jia Shi, Tao Cheng",
Thu,GISRUK Session 4, ,,,2,"<svg aria-hidden=""true"" role=""img"" viewBox=""0 0 512 512"" style=""height:1em;width:1em;vertical-align:-0.125em;margin-left:auto;margin-right:auto;font-size:inherit;fill:#589157;overflow:visible;position:relative;""><path d=""M256 512A256 256 0 1 0 256 0a256 256 0 1 0 0 512zM216 336h24V272H216c-13.3 0-24-10.7-24-24s10.7-24 24-24h48c13.3 0 24 10.7 24 24v88h8c13.3 0 24 10.7 24 24s-10.7 24-24 24H216c-13.3 0-24-10.7-24-24s10.7-24 24-24zm40-208a32 32 0 1 1 0 64 32 32 0 1 1 0-64z""/></svg>",Vlad Tesniere,Leveraging advances in Large Language Models for neighbourhood delineation in the London housing market,https://zenodo.org/communities/gisruk2023/records?q=&l=list&p=1&s=10&sort=newest,Stephen Law,
Thu,GISRUK Session 4, ,,,3,"<svg aria-hidden=""true"" role=""img"" viewBox=""0 0 512 512"" style=""height:1em;width:1em;vertical-align:-0.125em;margin-left:auto;margin-right:auto;font-size:inherit;fill:#589157;overflow:visible;position:relative;""><path d=""M256 512A256 256 0 1 0 256 0a256 256 0 1 0 0 512zM216 336h24V272H216c-13.3 0-24-10.7-24-24s10.7-24 24-24h48c13.3 0 24 10.7 24 24v88h8c13.3 0 24 10.7 24 24s-10.7 24-24 24H216c-13.3 0-24-10.7-24-24s10.7-24 24-24zm40-208a32 32 0 1 1 0 64 32 32 0 1 1 0-64z""/></svg>",Josiah Tan,"Do good schools really push up property prices? Disentangling school and neighbourhood effects with empirical evidence from Brighton, England",https://zenodo.org/communities/gisruk2023/records?q=&l=list&p=1&s=10&sort=newest,Adam Dennett,
Thu,GISRUK Session 4,1045-1145,Track C,Ecology,1,"<svg aria-hidden=""true"" role=""img"" viewBox=""0 0 512 512"" style=""height:1em;width:1em;vertical-align:-0.125em;margin-left:auto;margin-right:auto;font-size:inherit;fill:#4d7ab0;overflow:visible;position:relative;""><path d=""M256 512A256 256 0 1 0 256 0a256 256 0 1 0 0 512zM216 336h24V272H216c-13.3 0-24-10.7-24-24s10.7-24 24-24h48c13.3 0 24 10.7 24 24v88h8c13.3 0 24 10.7 24 24s-10.7 24-24 24H216c-13.3 0-24-10.7-24-24s10.7-24 24-24zm40-208a32 32 0 1 1 0 64 32 32 0 1 1 0-64z""/></svg>",,,,,
Thu,GISRUK Session 4,,,,1,"<svg aria-hidden=""true"" role=""img"" viewBox=""0 0 512 512"" style=""height:1em;width:1em;vertical-align:-0.125em;margin-left:auto;margin-right:auto;font-size:inherit;fill:#4d7ab0;overflow:visible;position:relative;""><path d=""M256 512A256 256 0 1 0 256 0a256 256 0 1 0 0 512zM216 336h24V272H216c-13.3 0-24-10.7-24-24s10.7-24 24-24h48c13.3 0 24 10.7 24 24v88h8c13.3 0 24 10.7 24 24s-10.7 24-24 24H216c-13.3 0-24-10.7-24-24s10.7-24 24-24zm40-208a32 32 0 1 1 0 64 32 32 0 1 1 0-64z""/></svg>",Matt Dennis,A spatially explicit model of beaver river-floodplains: understanding drivers and mapping opportunities for restoration.,https://zenodo.org/communities/gisruk2023/records?q=&l=list&p=1&s=10&sort=newest,"Christof Angst, Josh Larsen, Annegret Larsen",
Thu,GISRUK Session 4, ,,,2,"<svg aria-hidden=""true"" role=""img"" viewBox=""0 0 512 512"" style=""height:1em;width:1em;vertical-align:-0.125em;margin-left:auto;margin-right:auto;font-size:inherit;fill:#4d7ab0;overflow:visible;position:relative;""><path d=""M256 512A256 256 0 1 0 256 0a256 256 0 1 0 0 512zM216 336h24V272H216c-13.3 0-24-10.7-24-24s10.7-24 24-24h48c13.3 0 24 10.7 24 24v88h8c13.3 0 24 10.7 24 24s-10.7 24-24 24H216c-13.3 0-24-10.7-24-24s10.7-24 24-24zm40-208a32 32 0 1 1 0 64 32 32 0 1 1 0-64z""/></svg>",Oliver King,Automatic detection of native invasive rush species with aerial imagery and deep learning,https://zenodo.org/communities/gisruk2023/records?q=&l=list&p=1&s=10&sort=newest,"Duncan Whyatt, Ce Zhang, Carly Stevens",
Thu,GISRUK Session 4, ,,,3,"<svg aria-hidden=""true"" role=""img"" viewBox=""0 0 512 512"" style=""height:1em;width:1em;vertical-align:-0.125em;margin-left:auto;margin-right:auto;font-size:inherit;fill:#4d7ab0;overflow:visible;position:relative;""><path d=""M256 512A256 256 0 1 0 256 0a256 256 0 1 0 0 512zM216 336h24V272H216c-13.3 0-24-10.7-24-24s10.7-24 24-24h48c13.3 0 24 10.7 24 24v88h8c13.3 0 24 10.7 24 24s-10.7 24-24 24H216c-13.3 0-24-10.7-24-24s10.7-24 24-24zm40-208a32 32 0 1 1 0 64 32 32 0 1 1 0-64z""/></svg>",Yixuan Liang,Construction of Ecological Corridors in Karst Areas Based on Ecological Sensitivity and Ecological Service Value,https://zenodo.org/communities/gisruk2023/records?q=&l=list&p=1&s=10&sort=newest,Dafang Wu,
Thu,GISRUK Lunch | Posters | Keynote,1145-1330,Lunch + Posters, ,1,"<svg aria-hidden=""true"" role=""img"" viewBox=""0 0 512 512"" style=""height:1em;width:1em;vertical-align:-0.125em;margin-left:auto;margin-right:auto;font-size:inherit;fill:#8c4772;overflow:visible;position:relative;""><path d=""M256 512A256 256 0 1 0 256 0a256 256 0 1 0 0 512zM216 336h24V272H216c-13.3 0-24-10.7-24-24s10.7-24 24-24h48c13.3 0 24 10.7 24 24v88h8c13.3 0 24 10.7 24 24s-10.7 24-24 24H216c-13.3 0-24-10.7-24-24s10.7-24 24-24zm40-208a32 32 0 1 1 0 64 32 32 0 1 1 0-64z""/></svg>",,,,,
Thu,GISRUK Lunch | Posters | Keynote,1330-1430,Keynote 2, ,1,"<svg aria-hidden=""true"" role=""img"" viewBox=""0 0 512 512"" style=""height:1em;width:1em;vertical-align:-0.125em;margin-left:auto;margin-right:auto;font-size:inherit;fill:#d06c4b;overflow:visible;position:relative;""><path d=""M256 512A256 256 0 1 0 256 0a256 256 0 1 0 0 512zM216 336h24V272H216c-13.3 0-24-10.7-24-24s10.7-24 24-24h48c13.3 0 24 10.7 24 24v88h8c13.3 0 24 10.7 24 24s-10.7 24-24 24H216c-13.3 0-24-10.7-24-24s10.7-24 24-24zm40-208a32 32 0 1 1 0 64 32 32 0 1 1 0-64z""/></svg>",,,,,
Thu,GISRUK Lunch | Posters | Keynote,,,,1,"<svg aria-hidden=""true"" role=""img"" viewBox=""0 0 512 512"" style=""height:1em;width:1em;vertical-align:-0.125em;margin-left:auto;margin-right:auto;font-size:inherit;fill:#d06c4b;overflow:visible;position:relative;""><path d=""M256 512A256 256 0 1 0 256 0a256 256 0 1 0 0 512zM216 336h24V272H216c-13.3 0-24-10.7-24-24s10.7-24 24-24h48c13.3 0 24 10.7 24 24v88h8c13.3 0 24 10.7 24 24s-10.7 24-24 24H216c-13.3 0-24-10.7-24-24s10.7-24 24-24zm40-208a32 32 0 1 1 0 64 32 32 0 1 1 0-64z""/></svg>","Michelle Morris, Universiry of Leeds",<Talk title…>,,,1
Thu,GISRUK Session 5,1430-1530,Track A,Earth Observation,1,"<svg aria-hidden=""true"" role=""img"" viewBox=""0 0 512 512"" style=""height:1em;width:1em;vertical-align:-0.125em;margin-left:auto;margin-right:auto;font-size:inherit;fill:#d06c4b;overflow:visible;position:relative;""><path d=""M256 512A256 256 0 1 0 256 0a256 256 0 1 0 0 512zM216 336h24V272H216c-13.3 0-24-10.7-24-24s10.7-24 24-24h48c13.3 0 24 10.7 24 24v88h8c13.3 0 24 10.7 24 24s-10.7 24-24 24H216c-13.3 0-24-10.7-24-24s10.7-24 24-24zm40-208a32 32 0 1 1 0 64 32 32 0 1 1 0-64z""/></svg>",,,,,
Thu,GISRUK Session 5,,,,1,"<svg aria-hidden=""true"" role=""img"" viewBox=""0 0 512 512"" style=""height:1em;width:1em;vertical-align:-0.125em;margin-left:auto;margin-right:auto;font-size:inherit;fill:#d06c4b;overflow:visible;position:relative;""><path d=""M256 512A256 256 0 1 0 256 0a256 256 0 1 0 0 512zM216 336h24V272H216c-13.3 0-24-10.7-24-24s10.7-24 24-24h48c13.3 0 24 10.7 24 24v88h8c13.3 0 24 10.7 24 24s-10.7 24-24 24H216c-13.3 0-24-10.7-24-24s10.7-24 24-24zm40-208a32 32 0 1 1 0 64 32 32 0 1 1 0-64z""/></svg>",Fauzy Othman,Improving Deep Neural Net Aerial Lidar Point Cloud Object Classification Accuracy using a Second Processing Pass,https://zenodo.org/communities/gisruk2023/records?q=&l=list&p=1&s=10&sort=newest,Phil Bartie,
Thu,GISRUK Session 5,,,,2,"<svg aria-hidden=""true"" role=""img"" viewBox=""0 0 512 512"" style=""height:1em;width:1em;vertical-align:-0.125em;margin-left:auto;margin-right:auto;font-size:inherit;fill:#d06c4b;overflow:visible;position:relative;""><path d=""M256 512A256 256 0 1 0 256 0a256 256 0 1 0 0 512zM216 336h24V272H216c-13.3 0-24-10.7-24-24s10.7-24 24-24h48c13.3 0 24 10.7 24 24v88h8c13.3 0 24 10.7 24 24s-10.7 24-24 24H216c-13.3 0-24-10.7-24-24s10.7-24 24-24zm40-208a32 32 0 1 1 0 64 32 32 0 1 1 0-64z""/></svg>",Matt Travis,Introducing Overture: A Cloud-Native Global Map,https://zenodo.org/communities/gisruk2023/records?q=&l=list&p=1&s=10&sort=newest,"Tomas Holderness, John Powell, Mark Varley",
Thu,GISRUK Session 5,,,,3,"<svg aria-hidden=""true"" role=""img"" viewBox=""0 0 512 512"" style=""height:1em;width:1em;vertical-align:-0.125em;margin-left:auto;margin-right:auto;font-size:inherit;fill:#d06c4b;overflow:visible;position:relative;""><path d=""M256 512A256 256 0 1 0 256 0a256 256 0 1 0 0 512zM216 336h24V272H216c-13.3 0-24-10.7-24-24s10.7-24 24-24h48c13.3 0 24 10.7 24 24v88h8c13.3 0 24 10.7 24 24s-10.7 24-24 24H216c-13.3 0-24-10.7-24-24s10.7-24 24-24zm40-208a32 32 0 1 1 0 64 32 32 0 1 1 0-64z""/></svg>",Antje Barbara Metzler,Is a (satellite) image worth a thousand data points? Comparing machine learning approaches for predicting social and environmental inequalities across England.,https://zenodo.org/communities/gisruk2023/records?q=&l=list&p=1&s=10&sort=newest,"Martin Fleischmann, Anna Zanchetta, Jon Yong, Stuart Lynn, Dani Arribas-Bel",
Thu,GISRUK Session 5,1430-1530,Track B,Transport Sensors,1,"<svg aria-hidden=""true"" role=""img"" viewBox=""0 0 512 512"" style=""height:1em;width:1em;vertical-align:-0.125em;margin-left:auto;margin-right:auto;font-size:inherit;fill:#589157;overflow:visible;position:relative;""><path d=""M256 512A256 256 0 1 0 256 0a256 256 0 1 0 0 512zM216 336h24V272H216c-13.3 0-24-10.7-24-24s10.7-24 24-24h48c13.3 0 24 10.7 24 24v88h8c13.3 0 24 10.7 24 24s-10.7 24-24 24H216c-13.3 0-24-10.7-24-24s10.7-24 24-24zm40-208a32 32 0 1 1 0 64 32 32 0 1 1 0-64z""/></svg>",,,,,
Thu,GISRUK Session 5,,,,1,"<svg aria-hidden=""true"" role=""img"" viewBox=""0 0 512 512"" style=""height:1em;width:1em;vertical-align:-0.125em;margin-left:auto;margin-right:auto;font-size:inherit;fill:#589157;overflow:visible;position:relative;""><path d=""M256 512A256 256 0 1 0 256 0a256 256 0 1 0 0 512zM216 336h24V272H216c-13.3 0-24-10.7-24-24s10.7-24 24-24h48c13.3 0 24 10.7 24 24v88h8c13.3 0 24 10.7 24 24s-10.7 24-24 24H216c-13.3 0-24-10.7-24-24s10.7-24 24-24zm40-208a32 32 0 1 1 0 64 32 32 0 1 1 0-64z""/></svg>",Carrow Morris-Wiltshire,TOWARDS SITUATIONAL AWARENESS OF URBAN PEDESTRIAN FLOWS: AN ASSESSMENT OF DATA QUALITY ON THE PERFORMANCE OF PREDICTIVE MODELS,https://zenodo.org/communities/gisruk2023/records?q=&l=list&p=1&s=10&sort=newest,"Stuart Barr, Phil James",
Thu,GISRUK Session 5,,,,2,"<svg aria-hidden=""true"" role=""img"" viewBox=""0 0 512 512"" style=""height:1em;width:1em;vertical-align:-0.125em;margin-left:auto;margin-right:auto;font-size:inherit;fill:#589157;overflow:visible;position:relative;""><path d=""M256 512A256 256 0 1 0 256 0a256 256 0 1 0 0 512zM216 336h24V272H216c-13.3 0-24-10.7-24-24s10.7-24 24-24h48c13.3 0 24 10.7 24 24v88h8c13.3 0 24 10.7 24 24s-10.7 24-24 24H216c-13.3 0-24-10.7-24-24s10.7-24 24-24zm40-208a32 32 0 1 1 0 64 32 32 0 1 1 0-64z""/></svg>",Nilufer Sari Aslam,Managing Variability: A sensitivity analysis approach applied to mobile app data,https://zenodo.org/communities/gisruk2023/records?q=&l=list&p=1&s=10&sort=newest,"Zhong Chen, Yikang Wang",
Thu,GISRUK Session 5,,,,3,"<svg aria-hidden=""true"" role=""img"" viewBox=""0 0 512 512"" style=""height:1em;width:1em;vertical-align:-0.125em;margin-left:auto;margin-right:auto;font-size:inherit;fill:#589157;overflow:visible;position:relative;""><path d=""M256 512A256 256 0 1 0 256 0a256 256 0 1 0 0 512zM216 336h24V272H216c-13.3 0-24-10.7-24-24s10.7-24 24-24h48c13.3 0 24 10.7 24 24v88h8c13.3 0 24 10.7 24 24s-10.7 24-24 24H216c-13.3 0-24-10.7-24-24s10.7-24 24-24zm40-208a32 32 0 1 1 0 64 32 32 0 1 1 0-64z""/></svg>",Mikaella Mavrogeni,Deriving flow patterns from GPS in-app mobile phone data,https://zenodo.org/communities/gisruk2023/records?q=&l=list&p=1&s=10&sort=newest,"Paul Longley, Justin Van Dijk",
Thu,GISRUK Session 5,1430-1530,Track C,Health,1,"<svg aria-hidden=""true"" role=""img"" viewBox=""0 0 512 512"" style=""height:1em;width:1em;vertical-align:-0.125em;margin-left:auto;margin-right:auto;font-size:inherit;fill:#4d7ab0;overflow:visible;position:relative;""><path d=""M256 512A256 256 0 1 0 256 0a256 256 0 1 0 0 512zM216 336h24V272H216c-13.3 0-24-10.7-24-24s10.7-24 24-24h48c13.3 0 24 10.7 24 24v88h8c13.3 0 24 10.7 24 24s-10.7 24-24 24H216c-13.3 0-24-10.7-24-24s10.7-24 24-24zm40-208a32 32 0 1 1 0 64 32 32 0 1 1 0-64z""/></svg>",,,,,
Thu,GISRUK Session 5,,,,1,"<svg aria-hidden=""true"" role=""img"" viewBox=""0 0 512 512"" style=""height:1em;width:1em;vertical-align:-0.125em;margin-left:auto;margin-right:auto;font-size:inherit;fill:#4d7ab0;overflow:visible;position:relative;""><path d=""M256 512A256 256 0 1 0 256 0a256 256 0 1 0 0 512zM216 336h24V272H216c-13.3 0-24-10.7-24-24s10.7-24 24-24h48c13.3 0 24 10.7 24 24v88h8c13.3 0 24 10.7 24 24s-10.7 24-24 24H216c-13.3 0-24-10.7-24-24s10.7-24 24-24zm40-208a32 32 0 1 1 0 64 32 32 0 1 1 0-64z""/></svg>",Michal Iliev,"Developing the first multi-dimensional measure of access to health-related features for Warsaw, Poland",https://zenodo.org/communities/gisruk2023/records?q=&l=list&p=1&s=10&sort=newest,James Cheshire,
Thu,GISRUK Session 5,,,,2,"<svg aria-hidden=""true"" role=""img"" viewBox=""0 0 512 512"" style=""height:1em;width:1em;vertical-align:-0.125em;margin-left:auto;margin-right:auto;font-size:inherit;fill:#4d7ab0;overflow:visible;position:relative;""><path d=""M256 512A256 256 0 1 0 256 0a256 256 0 1 0 0 512zM216 336h24V272H216c-13.3 0-24-10.7-24-24s10.7-24 24-24h48c13.3 0 24 10.7 24 24v88h8c13.3 0 24 10.7 24 24s-10.7 24-24 24H216c-13.3 0-24-10.7-24-24s10.7-24 24-24zm40-208a32 32 0 1 1 0 64 32 32 0 1 1 0-64z""/></svg>",Ahmad Ammash,Identifying areas of poor health outcome risk due to food insecurity – A Geographically Weighted Regression approach,https://zenodo.org/communities/gisruk2023/records?q=&l=list&p=1&s=10&sort=newest,"Fran Pontin, Emily Ennis, Alexander Hambley",
Thu,GISRUK Session 5,,,,3,"<svg aria-hidden=""true"" role=""img"" viewBox=""0 0 512 512"" style=""height:1em;width:1em;vertical-align:-0.125em;margin-left:auto;margin-right:auto;font-size:inherit;fill:#4d7ab0;overflow:visible;position:relative;""><path d=""M256 512A256 256 0 1 0 256 0a256 256 0 1 0 0 512zM216 336h24V272H216c-13.3 0-24-10.7-24-24s10.7-24 24-24h48c13.3 0 24 10.7 24 24v88h8c13.3 0 24 10.7 24 24s-10.7 24-24 24H216c-13.3 0-24-10.7-24-24s10.7-24 24-24zm40-208a32 32 0 1 1 0 64 32 32 0 1 1 0-64z""/></svg>",Yunbei Ou,"Investigating the Impact of Housing Energy Efficiency on Indoor Environment at the Overheating Summer – A Study in Southwark, London",https://zenodo.org/communities/gisruk2023/records?q=&l=list&p=1&s=10&sort=newest,"Congying Hu, Qunshan Zhao",
Thu,GISRUK Session 5,1530-1600,Coffee Break, ,1,"<svg aria-hidden=""true"" role=""img"" viewBox=""0 0 512 512"" style=""height:1em;width:1em;vertical-align:-0.125em;margin-left:auto;margin-right:auto;font-size:inherit;fill:#8c4772;overflow:visible;position:relative;""><path d=""M256 512A256 256 0 1 0 256 0a256 256 0 1 0 0 512zM216 336h24V272H216c-13.3 0-24-10.7-24-24s10.7-24 24-24h48c13.3 0 24 10.7 24 24v88h8c13.3 0 24 10.7 24 24s-10.7 24-24 24H216c-13.3 0-24-10.7-24-24s10.7-24 24-24zm40-208a32 32 0 1 1 0 64 32 32 0 1 1 0-64z""/></svg>",,,,,
Thu,GISRUK Session 6,1600-1700,Track A,Labour Markets and Cities,1,"<svg aria-hidden=""true"" role=""img"" viewBox=""0 0 512 512"" style=""height:1em;width:1em;vertical-align:-0.125em;margin-left:auto;margin-right:auto;font-size:inherit;fill:#d06c4b;overflow:visible;position:relative;""><path d=""M256 512A256 256 0 1 0 256 0a256 256 0 1 0 0 512zM216 336h24V272H216c-13.3 0-24-10.7-24-24s10.7-24 24-24h48c13.3 0 24 10.7 24 24v88h8c13.3 0 24 10.7 24 24s-10.7 24-24 24H216c-13.3 0-24-10.7-24-24s10.7-24 24-24zm40-208a32 32 0 1 1 0 64 32 32 0 1 1 0-64z""/></svg>",,,,,
Thu,GISRUK Session 6,,,,1,"<svg aria-hidden=""true"" role=""img"" viewBox=""0 0 512 512"" style=""height:1em;width:1em;vertical-align:-0.125em;margin-left:auto;margin-right:auto;font-size:inherit;fill:#d06c4b;overflow:visible;position:relative;""><path d=""M256 512A256 256 0 1 0 256 0a256 256 0 1 0 0 512zM216 336h24V272H216c-13.3 0-24-10.7-24-24s10.7-24 24-24h48c13.3 0 24 10.7 24 24v88h8c13.3 0 24 10.7 24 24s-10.7 24-24 24H216c-13.3 0-24-10.7-24-24s10.7-24 24-24zm40-208a32 32 0 1 1 0 64 32 32 0 1 1 0-64z""/></svg>",Chuang Liu,A Geospatial Analysis of Job Satisfaction and WFH Trends in the UK During COVID-19,https://zenodo.org/communities/gisruk2023/records?q=&l=list&p=1&s=10&sort=newest,"Danat Valizade, Tao Cheng",
Thu,GISRUK Session 6,,,,2,"<svg aria-hidden=""true"" role=""img"" viewBox=""0 0 512 512"" style=""height:1em;width:1em;vertical-align:-0.125em;margin-left:auto;margin-right:auto;font-size:inherit;fill:#d06c4b;overflow:visible;position:relative;""><path d=""M256 512A256 256 0 1 0 256 0a256 256 0 1 0 0 512zM216 336h24V272H216c-13.3 0-24-10.7-24-24s10.7-24 24-24h48c13.3 0 24 10.7 24 24v88h8c13.3 0 24 10.7 24 24s-10.7 24-24 24H216c-13.3 0-24-10.7-24-24s10.7-24 24-24zm40-208a32 32 0 1 1 0 64 32 32 0 1 1 0-64z""/></svg>",Adam Dennett,"From The Beer Orders to Last Orders –Legislation, Taxation and The Modern Beer Landscape of London",https://zenodo.org/communities/gisruk2023/records?q=&l=list&p=1&s=10&sort=newest,"Jakub Wyszomierski, Steven Gray",
Thu,GISRUK Session 6,,,,3,"<svg aria-hidden=""true"" role=""img"" viewBox=""0 0 512 512"" style=""height:1em;width:1em;vertical-align:-0.125em;margin-left:auto;margin-right:auto;font-size:inherit;fill:#d06c4b;overflow:visible;position:relative;""><path d=""M256 512A256 256 0 1 0 256 0a256 256 0 1 0 0 512zM216 336h24V272H216c-13.3 0-24-10.7-24-24s10.7-24 24-24h48c13.3 0 24 10.7 24 24v88h8c13.3 0 24 10.7 24 24s-10.7 24-24 24H216c-13.3 0-24-10.7-24-24s10.7-24 24-24zm40-208a32 32 0 1 1 0 64 32 32 0 1 1 0-64z""/></svg>",,,,,
Thu,GISRUK Session 6,1600-1700,Track B,Public Transport,1,"<svg aria-hidden=""true"" role=""img"" viewBox=""0 0 512 512"" style=""height:1em;width:1em;vertical-align:-0.125em;margin-left:auto;margin-right:auto;font-size:inherit;fill:#589157;overflow:visible;position:relative;""><path d=""M256 512A256 256 0 1 0 256 0a256 256 0 1 0 0 512zM216 336h24V272H216c-13.3 0-24-10.7-24-24s10.7-24 24-24h48c13.3 0 24 10.7 24 24v88h8c13.3 0 24 10.7 24 24s-10.7 24-24 24H216c-13.3 0-24-10.7-24-24s10.7-24 24-24zm40-208a32 32 0 1 1 0 64 32 32 0 1 1 0-64z""/></svg>",,,,,
Thu,GISRUK Session 6,,,,1,"<svg aria-hidden=""true"" role=""img"" viewBox=""0 0 512 512"" style=""height:1em;width:1em;vertical-align:-0.125em;margin-left:auto;margin-right:auto;font-size:inherit;fill:#589157;overflow:visible;position:relative;""><path d=""M256 512A256 256 0 1 0 256 0a256 256 0 1 0 0 512zM216 336h24V272H216c-13.3 0-24-10.7-24-24s10.7-24 24-24h48c13.3 0 24 10.7 24 24v88h8c13.3 0 24 10.7 24 24s-10.7 24-24 24H216c-13.3 0-24-10.7-24-24s10.7-24 24-24zm40-208a32 32 0 1 1 0 64 32 32 0 1 1 0-64z""/></svg>",Howard Wong,Origin-destination-based public transport connectivity measures for enhancing service equity,https://zenodo.org/communities/gisruk2023/records?q=&l=list&p=1&s=10&sort=newest,Ed Manley,
Thu,GISRUK Session 6,,,,2,"<svg aria-hidden=""true"" role=""img"" viewBox=""0 0 512 512"" style=""height:1em;width:1em;vertical-align:-0.125em;margin-left:auto;margin-right:auto;font-size:inherit;fill:#589157;overflow:visible;position:relative;""><path d=""M256 512A256 256 0 1 0 256 0a256 256 0 1 0 0 512zM216 336h24V272H216c-13.3 0-24-10.7-24-24s10.7-24 24-24h48c13.3 0 24 10.7 24 24v88h8c13.3 0 24 10.7 24 24s-10.7 24-24 24H216c-13.3 0-24-10.7-24-24s10.7-24 24-24zm40-208a32 32 0 1 1 0 64 32 32 0 1 1 0-64z""/></svg>",Scott Orford,Creating a national classification of the level of bus service provision: A case study of Wales,https://zenodo.org/communities/gisruk2023/records?q=&l=list&p=1&s=10&sort=newest,"Sam Jones, Andrew Price, Jeff Morgan",
Thu,GISRUK Session 6,,,,3,"<svg aria-hidden=""true"" role=""img"" viewBox=""0 0 512 512"" style=""height:1em;width:1em;vertical-align:-0.125em;margin-left:auto;margin-right:auto;font-size:inherit;fill:#589157;overflow:visible;position:relative;""><path d=""M256 512A256 256 0 1 0 256 0a256 256 0 1 0 0 512zM216 336h24V272H216c-13.3 0-24-10.7-24-24s10.7-24 24-24h48c13.3 0 24 10.7 24 24v88h8c13.3 0 24 10.7 24 24s-10.7 24-24 24H216c-13.3 0-24-10.7-24-24s10.7-24 24-24zm40-208a32 32 0 1 1 0 64 32 32 0 1 1 0-64z""/></svg>",Liam Webb,An open-source web-based solution for interactive assessment of accessibility via public transport,https://zenodo.org/communities/gisruk2023/records?q=&l=list&p=1&s=10&sort=newest,"Gary Higgs, Mitchel Langford",
Thu,GISRUK Social,1830-,Conference reception, ,1,"<svg aria-hidden=""true"" role=""img"" viewBox=""0 0 512 512"" style=""height:1em;width:1em;vertical-align:-0.125em;margin-left:auto;margin-right:auto;font-size:inherit;fill:#9a9a9a;overflow:visible;position:relative;""><path d=""M256 512A256 256 0 1 0 256 0a256 256 0 1 0 0 512zM216 336h24V272H216c-13.3 0-24-10.7-24-24s10.7-24 24-24h48c13.3 0 24 10.7 24 24v88h8c13.3 0 24 10.7 24 24s-10.7 24-24 24H216c-13.3 0-24-10.7-24-24s10.7-24 24-24zm40-208a32 32 0 1 1 0 64 32 32 0 1 1 0-64z""/></svg>",,,,,
Fri,GISRUK Session 7,0930-1030,Track A,Water,1,"<svg aria-hidden=""true"" role=""img"" viewBox=""0 0 512 512"" style=""height:1em;width:1em;vertical-align:-0.125em;margin-left:auto;margin-right:auto;font-size:inherit;fill:#d06c4b;overflow:visible;position:relative;""><path d=""M256 512A256 256 0 1 0 256 0a256 256 0 1 0 0 512zM216 336h24V272H216c-13.3 0-24-10.7-24-24s10.7-24 24-24h48c13.3 0 24 10.7 24 24v88h8c13.3 0 24 10.7 24 24s-10.7 24-24 24H216c-13.3 0-24-10.7-24-24s10.7-24 24-24zm40-208a32 32 0 1 1 0 64 32 32 0 1 1 0-64z""/></svg>",,,,,
Fri,GISRUK Session 7,,,,1,"<svg aria-hidden=""true"" role=""img"" viewBox=""0 0 512 512"" style=""height:1em;width:1em;vertical-align:-0.125em;margin-left:auto;margin-right:auto;font-size:inherit;fill:#d06c4b;overflow:visible;position:relative;""><path d=""M256 512A256 256 0 1 0 256 0a256 256 0 1 0 0 512zM216 336h24V272H216c-13.3 0-24-10.7-24-24s10.7-24 24-24h48c13.3 0 24 10.7 24 24v88h8c13.3 0 24 10.7 24 24s-10.7 24-24 24H216c-13.3 0-24-10.7-24-24s10.7-24 24-24zm40-208a32 32 0 1 1 0 64 32 32 0 1 1 0-64z""/></svg>",Fulvio Lopane,Designing a Tank Prioritisation Index for Sri Lanka: A GeospatialApproach,https://zenodo.org/communities/gisruk2023/records?q=&l=list&p=1&s=10&sort=newest,"Yi Rong Hoo, Qiao Wang, Mohammad Shamsudduha, Aroha Bahuguna, George Joseph",
Fri,GISRUK Session 7,,,,2,"<svg aria-hidden=""true"" role=""img"" viewBox=""0 0 512 512"" style=""height:1em;width:1em;vertical-align:-0.125em;margin-left:auto;margin-right:auto;font-size:inherit;fill:#d06c4b;overflow:visible;position:relative;""><path d=""M256 512A256 256 0 1 0 256 0a256 256 0 1 0 0 512zM216 336h24V272H216c-13.3 0-24-10.7-24-24s10.7-24 24-24h48c13.3 0 24 10.7 24 24v88h8c13.3 0 24 10.7 24 24s-10.7 24-24 24H216c-13.3 0-24-10.7-24-24s10.7-24 24-24zm40-208a32 32 0 1 1 0 64 32 32 0 1 1 0-64z""/></svg>",Andrew MacLachlan,Closing the gap: a spatially targeted approach to water point rehabilitation in Tanzania,https://zenodo.org/communities/gisruk2023/records?q=&l=list&p=1&s=10&sort=newest,"Sophie Ayling, Aziz Mutabuzi, Singolile Mwamwaja, Fravius Kalisa, Aidan Coville, Jerome Sansonetti, George Joseph, Ruth Kennedy Walker, Toyoko Kodama",
Fri,GISRUK Session 7,,,,3,"<svg aria-hidden=""true"" role=""img"" viewBox=""0 0 512 512"" style=""height:1em;width:1em;vertical-align:-0.125em;margin-left:auto;margin-right:auto;font-size:inherit;fill:#d06c4b;overflow:visible;position:relative;""><path d=""M256 512A256 256 0 1 0 256 0a256 256 0 1 0 0 512zM216 336h24V272H216c-13.3 0-24-10.7-24-24s10.7-24 24-24h48c13.3 0 24 10.7 24 24v88h8c13.3 0 24 10.7 24 24s-10.7 24-24 24H216c-13.3 0-24-10.7-24-24s10.7-24 24-24zm40-208a32 32 0 1 1 0 64 32 32 0 1 1 0-64z""/></svg>",Charlotte Evans,"Spatial Patterns of Tank Decline and Rejuvenation in the Kaveri River Catchment, South India",https://zenodo.org/communities/gisruk2023/records?q=&l=list&p=1&s=10&sort=newest,"Jonny Huck, Matthew Dennis",
Fri,GISRUK Session 7,0930-1030,Track B,Spatial Modelling 2,1,"<svg aria-hidden=""true"" role=""img"" viewBox=""0 0 512 512"" style=""height:1em;width:1em;vertical-align:-0.125em;margin-left:auto;margin-right:auto;font-size:inherit;fill:#589157;overflow:visible;position:relative;""><path d=""M256 512A256 256 0 1 0 256 0a256 256 0 1 0 0 512zM216 336h24V272H216c-13.3 0-24-10.7-24-24s10.7-24 24-24h48c13.3 0 24 10.7 24 24v88h8c13.3 0 24 10.7 24 24s-10.7 24-24 24H216c-13.3 0-24-10.7-24-24s10.7-24 24-24zm40-208a32 32 0 1 1 0 64 32 32 0 1 1 0-64z""/></svg>",,,,,
Fri,GISRUK Session 7,,,,1,"<svg aria-hidden=""true"" role=""img"" viewBox=""0 0 512 512"" style=""height:1em;width:1em;vertical-align:-0.125em;margin-left:auto;margin-right:auto;font-size:inherit;fill:#589157;overflow:visible;position:relative;""><path d=""M256 512A256 256 0 1 0 256 0a256 256 0 1 0 0 512zM216 336h24V272H216c-13.3 0-24-10.7-24-24s10.7-24 24-24h48c13.3 0 24 10.7 24 24v88h8c13.3 0 24 10.7 24 24s-10.7 24-24 24H216c-13.3 0-24-10.7-24-24s10.7-24 24-24zm40-208a32 32 0 1 1 0 64 32 32 0 1 1 0-64z""/></svg>",Jayita Chakraborty,Analysing Global Policy Responses to COVID-19: An Agent-based model to explore the stringency in policies,https://zenodo.org/communities/gisruk2023/records?q=&l=list&p=1&s=10&sort=newest,Nicolas Malleson,
Fri,GISRUK Session 7,,,,2,"<svg aria-hidden=""true"" role=""img"" viewBox=""0 0 512 512"" style=""height:1em;width:1em;vertical-align:-0.125em;margin-left:auto;margin-right:auto;font-size:inherit;fill:#589157;overflow:visible;position:relative;""><path d=""M256 512A256 256 0 1 0 256 0a256 256 0 1 0 0 512zM216 336h24V272H216c-13.3 0-24-10.7-24-24s10.7-24 24-24h48c13.3 0 24 10.7 24 24v88h8c13.3 0 24 10.7 24 24s-10.7 24-24 24H216c-13.3 0-24-10.7-24-24s10.7-24 24-24zm40-208a32 32 0 1 1 0 64 32 32 0 1 1 0-64z""/></svg>",Ortis Yankey,Disaggregating Census Data for Population Mapping Using a Bayesian Additive Regression Tree Model,https://zenodo.org/communities/gisruk2023/records?q=&l=list&p=1&s=10&sort=newest,"Utazi Chigozie, Christopher Nnanatu, Assane Gadiaga, Thomas Abbot, Attila Lazar, Andrew Tatem",
Fri,GISRUK Session 7,,,,3,"<svg aria-hidden=""true"" role=""img"" viewBox=""0 0 512 512"" style=""height:1em;width:1em;vertical-align:-0.125em;margin-left:auto;margin-right:auto;font-size:inherit;fill:#589157;overflow:visible;position:relative;""><path d=""M256 512A256 256 0 1 0 256 0a256 256 0 1 0 0 512zM216 336h24V272H216c-13.3 0-24-10.7-24-24s10.7-24 24-24h48c13.3 0 24 10.7 24 24v88h8c13.3 0 24 10.7 24 24s-10.7 24-24 24H216c-13.3 0-24-10.7-24-24s10.7-24 24-24zm40-208a32 32 0 1 1 0 64 32 32 0 1 1 0-64z""/></svg>",Kevin Horan,Using a spatial statistical model to explore voting behaviour in the UK 2019 general election,https://zenodo.org/communities/gisruk2023/records?q=&l=list&p=1&s=10&sort=newest,"Katarina Domijan, Chris Brunsdon",
Fri,GISRUK Session 7,1030-1045,Coffee Break, ,1,"<svg aria-hidden=""true"" role=""img"" viewBox=""0 0 512 512"" style=""height:1em;width:1em;vertical-align:-0.125em;margin-left:auto;margin-right:auto;font-size:inherit;fill:#8c4772;overflow:visible;position:relative;""><path d=""M256 512A256 256 0 1 0 256 0a256 256 0 1 0 0 512zM216 336h24V272H216c-13.3 0-24-10.7-24-24s10.7-24 24-24h48c13.3 0 24 10.7 24 24v88h8c13.3 0 24 10.7 24 24s-10.7 24-24 24H216c-13.3 0-24-10.7-24-24s10.7-24 24-24zm40-208a32 32 0 1 1 0 64 32 32 0 1 1 0-64z""/></svg>",,,,,
Fri,GISRUK Session 8,1045-1145,Track A,Climate Solutions,1,"<svg aria-hidden=""true"" role=""img"" viewBox=""0 0 512 512"" style=""height:1em;width:1em;vertical-align:-0.125em;margin-left:auto;margin-right:auto;font-size:inherit;fill:#d06c4b;overflow:visible;position:relative;""><path d=""M256 512A256 256 0 1 0 256 0a256 256 0 1 0 0 512zM216 336h24V272H216c-13.3 0-24-10.7-24-24s10.7-24 24-24h48c13.3 0 24 10.7 24 24v88h8c13.3 0 24 10.7 24 24s-10.7 24-24 24H216c-13.3 0-24-10.7-24-24s10.7-24 24-24zm40-208a32 32 0 1 1 0 64 32 32 0 1 1 0-64z""/></svg>",,,,,
Fri,GISRUK Session 8,,,,1,"<svg aria-hidden=""true"" role=""img"" viewBox=""0 0 512 512"" style=""height:1em;width:1em;vertical-align:-0.125em;margin-left:auto;margin-right:auto;font-size:inherit;fill:#d06c4b;overflow:visible;position:relative;""><path d=""M256 512A256 256 0 1 0 256 0a256 256 0 1 0 0 512zM216 336h24V272H216c-13.3 0-24-10.7-24-24s10.7-24 24-24h48c13.3 0 24 10.7 24 24v88h8c13.3 0 24 10.7 24 24s-10.7 24-24 24H216c-13.3 0-24-10.7-24-24s10.7-24 24-24zm40-208a32 32 0 1 1 0 64 32 32 0 1 1 0-64z""/></svg>",Sarah Greenham,From Birmingham to the West Midlands: Scaling up climate risk and vulnerability mapping,https://zenodo.org/communities/gisruk2023/records?q=&l=list&p=1&s=10&sort=newest,"Emma Ferranti, Nick Cork, Stephen Jones, Jian Zhong, Bethany Haskins, Nick Grayson, Simon Needle, Joe Acton, Rob MacKenzie",
Fri,GISRUK Session 8,,,,2,"<svg aria-hidden=""true"" role=""img"" viewBox=""0 0 512 512"" style=""height:1em;width:1em;vertical-align:-0.125em;margin-left:auto;margin-right:auto;font-size:inherit;fill:#d06c4b;overflow:visible;position:relative;""><path d=""M256 512A256 256 0 1 0 256 0a256 256 0 1 0 0 512zM216 336h24V272H216c-13.3 0-24-10.7-24-24s10.7-24 24-24h48c13.3 0 24 10.7 24 24v88h8c13.3 0 24 10.7 24 24s-10.7 24-24 24H216c-13.3 0-24-10.7-24-24s10.7-24 24-24zm40-208a32 32 0 1 1 0 64 32 32 0 1 1 0-64z""/></svg>",Matthew Tomkins,Modelling the cooling effects of urban canals,https://zenodo.org/communities/gisruk2023/records?q=&l=list&p=1&s=10&sort=newest,"Harry Mcdonald, Jonathan Huck, Joanne Tippett, Stephanie Elliott, Eoin Harris, Cem Maxwell",
Fri,GISRUK Session 8,,,,3,"<svg aria-hidden=""true"" role=""img"" viewBox=""0 0 512 512"" style=""height:1em;width:1em;vertical-align:-0.125em;margin-left:auto;margin-right:auto;font-size:inherit;fill:#d06c4b;overflow:visible;position:relative;""><path d=""M256 512A256 256 0 1 0 256 0a256 256 0 1 0 0 512zM216 336h24V272H216c-13.3 0-24-10.7-24-24s10.7-24 24-24h48c13.3 0 24 10.7 24 24v88h8c13.3 0 24 10.7 24 24s-10.7 24-24 24H216c-13.3 0-24-10.7-24-24s10.7-24 24-24zm40-208a32 32 0 1 1 0 64 32 32 0 1 1 0-64z""/></svg>",Abdelrahman Ibrahim,Dynamic Wildfire Risk Modelling,https://zenodo.org/communities/gisruk2023/records?q=&l=list&p=1&s=10&sort=newest,"Lex Comber, Steve Carver, Stuart Hodkinson",
Fri,GISRUK Session 8,1045-1145,Track B,Transport Methods,1,"<svg aria-hidden=""true"" role=""img"" viewBox=""0 0 512 512"" style=""height:1em;width:1em;vertical-align:-0.125em;margin-left:auto;margin-right:auto;font-size:inherit;fill:#589157;overflow:visible;position:relative;""><path d=""M256 512A256 256 0 1 0 256 0a256 256 0 1 0 0 512zM216 336h24V272H216c-13.3 0-24-10.7-24-24s10.7-24 24-24h48c13.3 0 24 10.7 24 24v88h8c13.3 0 24 10.7 24 24s-10.7 24-24 24H216c-13.3 0-24-10.7-24-24s10.7-24 24-24zm40-208a32 32 0 1 1 0 64 32 32 0 1 1 0-64z""/></svg>",,,,,
Fri,GISRUK Session 8,,,,1,"<svg aria-hidden=""true"" role=""img"" viewBox=""0 0 512 512"" style=""height:1em;width:1em;vertical-align:-0.125em;margin-left:auto;margin-right:auto;font-size:inherit;fill:#589157;overflow:visible;position:relative;""><path d=""M256 512A256 256 0 1 0 256 0a256 256 0 1 0 0 512zM216 336h24V272H216c-13.3 0-24-10.7-24-24s10.7-24 24-24h48c13.3 0 24 10.7 24 24v88h8c13.3 0 24 10.7 24 24s-10.7 24-24 24H216c-13.3 0-24-10.7-24-24s10.7-24 24-24zm40-208a32 32 0 1 1 0 64 32 32 0 1 1 0-64z""/></svg>",Nick Malleson,Interrogating the Spatio-Temporal Dynamics of Urban Footfall using Principal Component Analysis,https://zenodo.org/communities/gisruk2023/records?q=&l=list&p=1&s=10&sort=newest,Jack Liddle,
Fri,GISRUK Session 8,,,,2,"<svg aria-hidden=""true"" role=""img"" viewBox=""0 0 512 512"" style=""height:1em;width:1em;vertical-align:-0.125em;margin-left:auto;margin-right:auto;font-size:inherit;fill:#589157;overflow:visible;position:relative;""><path d=""M256 512A256 256 0 1 0 256 0a256 256 0 1 0 0 512zM216 336h24V272H216c-13.3 0-24-10.7-24-24s10.7-24 24-24h48c13.3 0 24 10.7 24 24v88h8c13.3 0 24 10.7 24 24s-10.7 24-24 24H216c-13.3 0-24-10.7-24-24s10.7-24 24-24zm40-208a32 32 0 1 1 0 64 32 32 0 1 1 0-64z""/></svg>",Wilson Gao,A Deep Learning Framework for Missing Information Imputation in Traffic Crash Records,https://zenodo.org/communities/gisruk2023/records?q=&l=list&p=1&s=10&sort=newest,"Xinke Jiang, James Haworth, Huanfa Chen, Ilya Ilyankou",
Fri,GISRUK Session 8,,,,3,"<svg aria-hidden=""true"" role=""img"" viewBox=""0 0 512 512"" style=""height:1em;width:1em;vertical-align:-0.125em;margin-left:auto;margin-right:auto;font-size:inherit;fill:#589157;overflow:visible;position:relative;""><path d=""M256 512A256 256 0 1 0 256 0a256 256 0 1 0 0 512zM216 336h24V272H216c-13.3 0-24-10.7-24-24s10.7-24 24-24h48c13.3 0 24 10.7 24 24v88h8c13.3 0 24 10.7 24 24s-10.7 24-24 24H216c-13.3 0-24-10.7-24-24s10.7-24 24-24zm40-208a32 32 0 1 1 0 64 32 32 0 1 1 0-64z""/></svg>",Robin Lovelace,Reproducible methods for network simplification for data visualisation and transport planning,https://zenodo.org/communities/gisruk2023/records?q=&l=list&p=1&s=10&sort=newest,"Zhao Wang, Will Deakin, Josiah Parry",
Fri,GISRUK Session 8,1145-1200,Coffee Break, ,1,"<svg aria-hidden=""true"" role=""img"" viewBox=""0 0 512 512"" style=""height:1em;width:1em;vertical-align:-0.125em;margin-left:auto;margin-right:auto;font-size:inherit;fill:#8c4772;overflow:visible;position:relative;""><path d=""M256 512A256 256 0 1 0 256 0a256 256 0 1 0 0 512zM216 336h24V272H216c-13.3 0-24-10.7-24-24s10.7-24 24-24h48c13.3 0 24 10.7 24 24v88h8c13.3 0 24 10.7 24 24s-10.7 24-24 24H216c-13.3 0-24-10.7-24-24s10.7-24 24-24zm40-208a32 32 0 1 1 0 64 32 32 0 1 1 0-64z""/></svg>",,,,,
Fri,Close,1200-1300,Keynote 3, ,1,"<svg aria-hidden=""true"" role=""img"" viewBox=""0 0 512 512"" style=""height:1em;width:1em;vertical-align:-0.125em;margin-left:auto;margin-right:auto;font-size:inherit;fill:#d06c4b;overflow:visible;position:relative;""><path d=""M256 512A256 256 0 1 0 256 0a256 256 0 1 0 0 512zM216 336h24V272H216c-13.3 0-24-10.7-24-24s10.7-24 24-24h48c13.3 0 24 10.7 24 24v88h8c13.3 0 24 10.7 24 24s-10.7 24-24 24H216c-13.3 0-24-10.7-24-24s10.7-24 24-24zm40-208a32 32 0 1 1 0 64 32 32 0 1 1 0-64z""/></svg>",,,,,
Fri,Close,,,,1,"<svg aria-hidden=""true"" role=""img"" viewBox=""0 0 512 512"" style=""height:1em;width:1em;vertical-align:-0.125em;margin-left:auto;margin-right:auto;font-size:inherit;fill:#d06c4b;overflow:visible;position:relative;""><path d=""M256 512A256 256 0 1 0 256 0a256 256 0 1 0 0 512zM216 336h24V272H216c-13.3 0-24-10.7-24-24s10.7-24 24-24h48c13.3 0 24 10.7 24 24v88h8c13.3 0 24 10.7 24 24s-10.7 24-24 24H216c-13.3 0-24-10.7-24-24s10.7-24 24-24zm40-208a32 32 0 1 1 0 64 32 32 0 1 1 0-64z""/></svg>","Levi Wolf, University of Bristol",<Talk title…>,,,1
Fri,Close,1300-1330,Awards and Close, ,1,"<svg aria-hidden=""true"" role=""img"" viewBox=""0 0 512 512"" style=""height:1em;width:1em;vertical-align:-0.125em;margin-left:auto;margin-right:auto;font-size:inherit;fill:#d06c4b;overflow:visible;position:relative;""><path d=""M256 512A256 256 0 1 0 256 0a256 256 0 1 0 0 512zM216 336h24V272H216c-13.3 0-24-10.7-24-24s10.7-24 24-24h48c13.3 0 24 10.7 24 24v88h8c13.3 0 24 10.7 24 24s-10.7 24-24 24H216c-13.3 0-24-10.7-24-24s10.7-24 24-24zm40-208a32 32 0 1 1 0 64 32 32 0 1 1 0-64z""/></svg>",,,,,
Poster,GISRUK Posters,1145-1330,Poster session,Poster session,,,Dongyi Ma,Using Bespoke LoRaWAN Heat Sensors to Explore Microclimate Effects within the London Urban Heat Islands‚Äì A Pilot Study in East London,,"Andrew Hudson-Smith, Martin De Jode",
Poster,GISRUK Posters,,,,,,Xuan Zhu,Regional Characterisation of the Green Energy Transition Potential in North and West Africa Based on the PESTEL Model and Spatial Clustering,,"Lian Wu, Fang Lee Cooke",
Poster,GISRUK Posters,,,,,,Yang Wang,Defining short-term rental market indicators: A method based on Airbnb daily scrapings,,"Mark Livingston, David McArthur, Nick Bailey",
Poster,GISRUK Posters,,,,,,Qingya Cheng,Comparing locals‚Äô and non-locals‚Äô perceptions of places via social media reviews,,"Rui Zhu, Richard Harris",
Poster,GISRUK Posters,,,,,,Jing Zhang,The Changing Value of Energy Efficiency in UK Homes:A Spatial Matching Approach with Hedonic Models,,,1
Poster,GISRUK Posters,,,,,,Ian Turton,Can the Detection of Roman Roads be Automated with the Application of GeoAI?,,,1
Poster,GISRUK Posters,,,,,,Sarah Wise,"Mixing and Movement: Socio-economic predictors of social contact levels before, during and after the COVID-19 Pandemic in East Zimbabwe to inform spatial modelling",,,1
Poster,GISRUK Posters,,,,,,Philip Home,Relating biodiversity with human population health: an ecological study across England.,,"Sabrina Li, Doreen Boyd",
Poster,GISRUK Posters,,,,,,Yiyi Li,Predict the Probability of an Area Having a certain level of Health Based on Socioeconomic factors by Machine Learning Models,,,1
Poster,GISRUK Posters,,,,,,Fajrun Wahidil Muharram,Cluster analysis of e-scooter accidents in London between 2018-2022,,"Ade Febri Sandhini Putri, Muhammad Wahyu Ramadhan",
Poster,GISRUK Posters,,,,,,Chudech Losiri,Predicting Urban Expansion in Land Use in Chiang Mai Using a Multi-Layer Perceptron-Markov Chain Model,,,1
Poster,GISRUK Posters,,,,,,Bernice Scholten,"Integrated assessment of simultaneous threshold exceedance of heat, air pollution and airborne allergenic pollen across Europe",,"Blaise Kelly, Bas Henzing, Anjoeka Pronk, Marty Blom, Lisa Klous, Boris Kingma",
Poster,GISRUK Posters,,,,,,Yanbo Liu,A Machine-Learning-Based Green View Index incorporating Vegetation Type and measuring its association with Street-level Land Surface Temperature in London,,Stephen Law,
Poster,GISRUK Posters,,,,,,Pablo L√∂w,Improving bicycle routing by modifying a road network,,Jukka Krisp,
Poster,GISRUK Posters,,,,,,Heeseo Kwon,Using Spatial Agent-based Modelling to Simulate Healthier Urban Development and Healthier Travel Behaviour: Model Design,,,1
Poster,GISRUK Posters,,,,,,Kate Booth,Analysis of deforestation and CO2 emissions in Indigenous Territories of the Brazilian Amazon,,"Celso H. L. Silva‑Junior, Jonathan Huck, Polyanna da Conceição Bispo",
Poster,GISRUK Posters,,,,,,Wole Ademola Adewole,Using Machine Learning to Improving Settlement Classification Method of Urban Landscape,,"Ortis Yankey, Edson Utazi, Chris Lloyd, Samantha Cockings, Andrew J Tatem",
Poster,GISRUK Posters,,,,,,Man Guo,Geospatial driving factor analysis on the synergy between air pollution control and carbon mitigation in China,,"Baozhang Chen, Nicholas Hamm",
Poster,GISRUK Posters,,,,,,Clara Peiret-Garcia,The Circles of Mobility: A Holistic Exploration of Mobility Behaviours in The Netherlands,,"Haekal Akbar Kartasasmita, Rachel Franklin, Trivik Verma",
Poster,GISRUK Posters,,,,,,Diljahan Kappachali,Assessing the Suitability of Photogrammetric 3D Reconstruction by Open-Source Pipeline for Tunnel Condition Monitoring.,,"Jan Boehm, Fabio Panella",
Poster,GISRUK Posters,,,,,,Rob Davidson,Towards More Effective Data Visualisation of Health Inequalities: Seven Key Questions,,James Cheshire,
Poster,GISRUK Posters,,,,,,Favour Aghaebe,Perceptions of Covid Safety Measures in Vacation Rental Guest Reviews,,"Dustin Foley, Eric Atwell, Stephen Clark",
Poster,GISRUK Posters,,,,,,Hanying Li,Shifting Work Landscapes: An Analysis of Post-Pandemic Work From Home Patterns in the UK,,"Fangzhou Zhou, Xinglei Wang, Tao Cheng",
Poster,GISRUK Posters,,,,,,Wenhua Jiang,Exploring the requirements for charging infrastructure for electrical heavy-goods vehicles with agent-based modelling,,"Nicolas Malleson, Mark Birkin",
Poster,GISRUK Posters,,,,,,Long Chen,"Speed and acceleration behaviours across active car vehicles in Leeds, UK",,Ed Manley,